repo_name,easy_file,hard_file
MRPT/mrpt,apps/RawLogViewer/main_timeline.cpp,libs/containers/include/mrpt/containers/find_closest.h
qgis/QGIS,src/core/qgscolorutils.cpp,src/core/providers/ogr/qgsogrproviderconnection.cpp
qgis/QGIS,src/core/providers/arcgis/qgsarcgisrestutils.h,src/core/vectortile/qgsmapboxglstyleconverter.cpp
ETLCPP/etl,include/etl/version.h,include/etl/debug_count.h
apple/swift,lib/ClangImporter/ClangDerivedConformances.cpp,lib/ClangImporter/ClangIncludePaths.h
apple/swift,lib/ClangImporter/SwiftDeclSynthesizer.cpp,lib/ClangImporter/ClangIncludePaths.h
apple/swift,lib/ClangImporter/SwiftDeclSynthesizer.cpp,lib/ClangImporter/ClangIncludePaths.cpp
apple/swift,lib/ClangImporter/ClangDerivedConformances.cpp,lib/ClangImporter/ClangIncludePaths.cpp
google/iree,runtime/src/iree/hal/driver_registry.c,runtime/src/iree/base/tracing.h
google/iree,runtime/src/iree/hal/string_util.c,runtime/src/iree/base/tracing.h
google/iree,runtime/src/iree/runtime/demo/hello_world_explained.c,runtime/src/iree/base/tracing.h
google/iree,compiler/src/iree/compiler/Dialect/Util/IR/UtilTypes.cpp,runtime/src/iree/base/tracing.h
google/iree,compiler/src/iree/compiler/ConstEval/Runtime.cpp,runtime/src/iree/base/tracing.h
google/iree,compiler/src/iree/compiler/Dialect/HAL/Conversion/HALToVM/ConvertAllocatorOps.cpp,runtime/src/iree/base/tracing.h
google/iree,runtime/src/iree/hal/driver.c,runtime/src/iree/base/tracing.h
google/iree,runtime/src/iree/runtime/demo/hello_world_terse.c,runtime/src/iree/base/tracing.h
google/iree,compiler/src/iree/compiler/Dialect/Stream/Conversion/FlowToStream/ConvertFlowToStream.cpp,runtime/src/iree/base/tracing.h
google/iree,runtime/src/iree/modules/hal/module.h,runtime/src/iree/base/tracing.h
google/iree,compiler/src/iree/compiler/Dialect/Stream/Transforms/DumpStatistics.cpp,runtime/src/iree/base/tracing.h
google/iree,compiler/src/iree/compiler/Dialect/HAL/Transforms/Passes.cpp,runtime/src/iree/base/tracing.h
google/iree,runtime/src/iree/vm/stack.c,runtime/src/iree/base/tracing.h
google/iree,runtime/src/iree/vm/stack.h,runtime/src/iree/base/tracing.h
google/iree,compiler/src/iree/compiler/Dialect/HAL/Target/TargetBackend.cpp,runtime/src/iree/base/tracing.h
google/iree,runtime/src/iree/vm/shims.h,runtime/src/iree/base/tracing.h
google/iree,compiler/src/iree/compiler/Dialect/Flow/Transforms/DeduplicateExecutables.cpp,runtime/src/iree/base/tracing.h
google/iree,runtime/src/iree/vm/bytecode_module_impl.h,runtime/src/iree/base/tracing.h
google/iree,runtime/src/iree/hal/drivers/init.c,runtime/src/iree/base/tracing.h
google/iree,runtime/src/iree/hal/driver.h,runtime/src/iree/base/tracing.h
google/iree,runtime/src/iree/hal/device.h,runtime/src/iree/base/tracing.h
google/iree,compiler/src/iree/compiler/Dialect/Util/IR/UtilOps.cpp,runtime/src/iree/base/tracing.h
google/iree,runtime/src/iree/hal/device.c,runtime/src/iree/base/tracing.h
google/iree,compiler/src/iree/compiler/Dialect/HAL/Transforms/MaterializeInterfaces.cpp,runtime/src/iree/base/tracing.h
google/iree,compiler/src/iree/compiler/Dialect/HAL/Conversion/HALToVM/ConvertExecutableOps.cpp,runtime/src/iree/base/tracing.h
google/iree,runtime/src/iree/runtime/session.c,runtime/src/iree/base/tracing.h
google/iree,compiler/src/iree/compiler/Dialect/HAL/Transforms/MaterializeResourceCaches.cpp,runtime/src/iree/base/tracing.h
google/iree,runtime/src/iree/vm/invocation.h,runtime/src/iree/base/tracing.h
google/iree,compiler/src/iree/compiler/Dialect/VM/Target/Bytecode/BytecodeEncoder.h,runtime/src/iree/base/tracing.h
google/iree,runtime/src/iree/hal/driver.c,runtime/src/iree/vm/native_module.c
google/iree,runtime/src/iree/vm/stack.h,runtime/src/iree/vm/native_module.c
google/iree,compiler/src/iree/compiler/Dialect/HAL/Transforms/MaterializeResourceCaches.cpp,runtime/src/iree/vm/native_module.c
google/iree,runtime/src/iree/runtime/demo/hello_world_terse.c,runtime/src/iree/vm/native_module.c
google/iree,runtime/src/iree/hal/driver_registry.c,runtime/src/iree/vm/native_module.c
google/iree,compiler/src/iree/compiler/Dialect/Util/IR/UtilTypes.cpp,runtime/src/iree/vm/native_module.c
google/iree,compiler/src/iree/compiler/Dialect/Flow/Transforms/DeduplicateExecutables.cpp,runtime/src/iree/vm/native_module.c
google/iree,compiler/src/iree/compiler/Dialect/Util/IR/UtilOps.cpp,runtime/src/iree/vm/native_module.c
google/iree,compiler/src/iree/compiler/Dialect/HAL/Conversion/HALToVM/ConvertAllocatorOps.cpp,runtime/src/iree/vm/native_module.c
google/iree,compiler/src/iree/compiler/Dialect/HAL/Target/TargetBackend.cpp,runtime/src/iree/vm/native_module.c
google/iree,runtime/src/iree/vm/bytecode_module_impl.h,runtime/src/iree/vm/native_module.c
google/iree,runtime/src/iree/hal/string_util.c,runtime/src/iree/vm/native_module.c
google/iree,compiler/src/iree/compiler/Dialect/Stream/Transforms/DumpStatistics.cpp,runtime/src/iree/vm/native_module.c
google/iree,compiler/src/iree/compiler/Dialect/HAL/Transforms/Passes.cpp,runtime/src/iree/vm/native_module.c
google/iree,runtime/src/iree/hal/driver.h,runtime/src/iree/vm/native_module.c
google/iree,runtime/src/iree/runtime/demo/hello_world_explained.c,runtime/src/iree/vm/native_module.c
google/iree,runtime/src/iree/hal/device.c,runtime/src/iree/vm/native_module.c
google/iree,compiler/src/iree/compiler/Dialect/Stream/Conversion/FlowToStream/ConvertFlowToStream.cpp,runtime/src/iree/vm/native_module.c
google/iree,compiler/src/iree/compiler/Dialect/HAL/Conversion/HALToVM/ConvertExecutableOps.cpp,runtime/src/iree/vm/native_module.c
google/iree,runtime/src/iree/hal/drivers/init.c,runtime/src/iree/vm/native_module.c
google/iree,compiler/src/iree/compiler/Dialect/HAL/Transforms/MaterializeInterfaces.cpp,runtime/src/iree/vm/native_module.c
google/iree,runtime/src/iree/vm/stack.c,runtime/src/iree/vm/native_module.c
google/iree,runtime/src/iree/modules/hal/module.h,runtime/src/iree/vm/native_module.c
google/iree,runtime/src/iree/runtime/session.c,runtime/src/iree/vm/native_module.c
google/iree,runtime/src/iree/vm/shims.h,runtime/src/iree/vm/native_module.c
google/iree,compiler/src/iree/compiler/ConstEval/Runtime.cpp,runtime/src/iree/vm/native_module.c
google/iree,compiler/src/iree/compiler/Dialect/VM/Target/Bytecode/BytecodeEncoder.h,runtime/src/iree/vm/native_module.c
google/iree,runtime/src/iree/hal/device.h,runtime/src/iree/vm/native_module.c
google/iree,runtime/src/iree/vm/invocation.h,runtime/src/iree/vm/native_module.c
google/iree,runtime/src/iree/hal/drivers/local_sync/sync_device.c,runtime/src/iree/hal/command_buffer.h
google/iree,runtime/src/iree/hal/drivers/dylib_sync/registration/driver_module.c,runtime/src/iree/hal/command_buffer.h
google/iree,runtime/src/iree/hal/drivers/local_task/task_command_buffer.c,runtime/src/iree/hal/command_buffer.h
google/iree,runtime/src/iree/hal/drivers/vmvx/registration/driver_module.c,runtime/src/iree/hal/command_buffer.h
google/iree,runtime/src/iree/hal/drivers/local_task/task_queue.h,runtime/src/iree/hal/command_buffer.h
google/iree,runtime/src/iree/hal/drivers/dylib/registration/driver_module.c,runtime/src/iree/hal/command_buffer.h
google/iree,runtime/src/iree/hal/drivers/local_task/task_device.c,runtime/src/iree/hal/command_buffer.h
google/iree,runtime/src/iree/hal/drivers/local_sync/registration/driver_module.c,runtime/src/iree/hal/command_buffer.h
google/iree,runtime/src/iree/hal/drivers/local_task/task_queue.c,runtime/src/iree/hal/command_buffer.h
google/iree,runtime/src/iree/tooling/trace_replay.c,runtime/src/iree/hal/command_buffer.h
google/iree,compiler/src/iree/compiler/Dialect/HAL/Conversion/StreamToHAL/ConvertStreamToHAL.cpp,runtime/src/iree/hal/command_buffer.h
google/iree,runtime/src/iree/hal/drivers/vmvx_sync/registration/driver_module.c,runtime/src/iree/hal/command_buffer.h
google/iree,runtime/src/iree/hal/drivers/cuda/registration/driver_module.c,runtime/src/iree/hal/command_buffer.h
google/iree,runtime/src/iree/hal/drivers/cuda/cuda_allocator.c,runtime/src/iree/hal/command_buffer.h
google/iree,runtime/src/iree/hal/drivers/local_task/registration/driver_module.c,runtime/src/iree/hal/command_buffer.h
google/iree,compiler/src/iree/compiler/ConstEval/Runtime.cpp,runtime/src/iree/vm/bytecode_module.c
google/iree,runtime/src/iree/vm/bytecode_module_impl.h,runtime/src/iree/vm/bytecode_module.c
google/iree,runtime/src/iree/hal/string_util.c,runtime/src/iree/vm/bytecode_module.c
google/iree,compiler/src/iree/compiler/Dialect/Util/IR/UtilTypes.cpp,runtime/src/iree/vm/bytecode_module.c
google/iree,runtime/src/iree/hal/device.h,runtime/src/iree/vm/bytecode_module.c
google/iree,runtime/src/iree/vm/invocation.h,runtime/src/iree/vm/bytecode_module.c
google/iree,compiler/src/iree/compiler/Dialect/HAL/Conversion/HALToVM/ConvertExecutableOps.cpp,runtime/src/iree/vm/bytecode_module.c
google/iree,compiler/src/iree/compiler/Dialect/HAL/Transforms/MaterializeInterfaces.cpp,runtime/src/iree/vm/bytecode_module.c
google/iree,runtime/src/iree/hal/driver_registry.c,runtime/src/iree/vm/bytecode_module.c
google/iree,compiler/src/iree/compiler/Dialect/Stream/Conversion/FlowToStream/ConvertFlowToStream.cpp,runtime/src/iree/vm/bytecode_module.c
google/iree,runtime/src/iree/hal/driver.c,runtime/src/iree/vm/bytecode_module.c
google/iree,compiler/src/iree/compiler/Dialect/VM/Target/Bytecode/BytecodeEncoder.h,runtime/src/iree/vm/bytecode_module.c
google/iree,runtime/src/iree/vm/stack.h,runtime/src/iree/vm/bytecode_module.c
google/iree,runtime/src/iree/vm/shims.h,runtime/src/iree/vm/bytecode_module.c
google/iree,compiler/src/iree/compiler/Dialect/HAL/Target/TargetBackend.cpp,runtime/src/iree/vm/bytecode_module.c
google/iree,runtime/src/iree/hal/driver.h,runtime/src/iree/vm/bytecode_module.c
google/iree,runtime/src/iree/hal/drivers/init.c,runtime/src/iree/vm/bytecode_module.c
google/iree,runtime/src/iree/hal/device.c,runtime/src/iree/vm/bytecode_module.c
google/iree,runtime/src/iree/runtime/session.c,runtime/src/iree/vm/bytecode_module.c
google/iree,runtime/src/iree/vm/stack.c,runtime/src/iree/vm/bytecode_module.c
google/iree,runtime/src/iree/runtime/demo/hello_world_explained.c,runtime/src/iree/vm/bytecode_module.c
google/iree,compiler/src/iree/compiler/Dialect/Flow/Transforms/DeduplicateExecutables.cpp,runtime/src/iree/vm/bytecode_module.c
google/iree,compiler/src/iree/compiler/Dialect/Stream/Transforms/DumpStatistics.cpp,runtime/src/iree/vm/bytecode_module.c
google/iree,runtime/src/iree/runtime/demo/hello_world_terse.c,runtime/src/iree/vm/bytecode_module.c
google/iree,compiler/src/iree/compiler/Dialect/Util/IR/UtilOps.cpp,runtime/src/iree/vm/bytecode_module.c
google/iree,runtime/src/iree/modules/hal/module.h,runtime/src/iree/vm/bytecode_module.c
google/iree,compiler/src/iree/compiler/Dialect/HAL/Conversion/HALToVM/ConvertAllocatorOps.cpp,runtime/src/iree/vm/bytecode_module.c
google/iree,compiler/src/iree/compiler/Dialect/HAL/Transforms/Passes.cpp,runtime/src/iree/vm/bytecode_module.c
google/iree,compiler/src/iree/compiler/Dialect/HAL/Transforms/MaterializeResourceCaches.cpp,runtime/src/iree/vm/bytecode_module.c
google/iree,runtime/src/iree/runtime/demo/hello_world_explained.c,runtime/src/iree/vm/bytecode_module_benchmark.cc
google/iree,compiler/src/iree/compiler/Dialect/Flow/Transforms/DeduplicateExecutables.cpp,runtime/src/iree/vm/bytecode_module_benchmark.cc
google/iree,runtime/src/iree/hal/driver_registry.c,runtime/src/iree/vm/bytecode_module_benchmark.cc
google/iree,compiler/src/iree/compiler/Dialect/Util/IR/UtilTypes.cpp,runtime/src/iree/vm/bytecode_module_benchmark.cc
google/iree,runtime/src/iree/modules/hal/module.h,runtime/src/iree/vm/bytecode_module_benchmark.cc
google/iree,compiler/src/iree/compiler/Dialect/Stream/Conversion/FlowToStream/ConvertFlowToStream.cpp,runtime/src/iree/vm/bytecode_module_benchmark.cc
google/iree,runtime/src/iree/vm/invocation.h,runtime/src/iree/vm/bytecode_module_benchmark.cc
google/iree,runtime/src/iree/vm/stack.h,runtime/src/iree/vm/bytecode_module_benchmark.cc
google/iree,compiler/src/iree/compiler/Dialect/HAL/Transforms/Passes.cpp,runtime/src/iree/vm/bytecode_module_benchmark.cc
google/iree,runtime/src/iree/hal/device.h,runtime/src/iree/vm/bytecode_module_benchmark.cc
google/iree,compiler/src/iree/compiler/Dialect/HAL/Transforms/MaterializeResourceCaches.cpp,runtime/src/iree/vm/bytecode_module_benchmark.cc
google/iree,compiler/src/iree/compiler/Dialect/HAL/Conversion/HALToVM/ConvertExecutableOps.cpp,runtime/src/iree/vm/bytecode_module_benchmark.cc
google/iree,compiler/src/iree/compiler/Dialect/HAL/Target/TargetBackend.cpp,runtime/src/iree/vm/bytecode_module_benchmark.cc
google/iree,compiler/src/iree/compiler/Dialect/Util/IR/UtilOps.cpp,runtime/src/iree/vm/bytecode_module_benchmark.cc
google/iree,compiler/src/iree/compiler/Dialect/HAL/Conversion/HALToVM/ConvertAllocatorOps.cpp,runtime/src/iree/vm/bytecode_module_benchmark.cc
google/iree,runtime/src/iree/vm/shims.h,runtime/src/iree/vm/bytecode_module_benchmark.cc
google/iree,runtime/src/iree/runtime/demo/hello_world_terse.c,runtime/src/iree/vm/bytecode_module_benchmark.cc
google/iree,runtime/src/iree/vm/bytecode_module_impl.h,runtime/src/iree/vm/bytecode_module_benchmark.cc
google/iree,runtime/src/iree/hal/driver.h,runtime/src/iree/vm/bytecode_module_benchmark.cc
google/iree,compiler/src/iree/compiler/Dialect/VM/Target/Bytecode/BytecodeEncoder.h,runtime/src/iree/vm/bytecode_module_benchmark.cc
google/iree,runtime/src/iree/runtime/session.c,runtime/src/iree/vm/bytecode_module_benchmark.cc
google/iree,runtime/src/iree/hal/drivers/init.c,runtime/src/iree/vm/bytecode_module_benchmark.cc
google/iree,compiler/src/iree/compiler/Dialect/Stream/Transforms/DumpStatistics.cpp,runtime/src/iree/vm/bytecode_module_benchmark.cc
google/iree,runtime/src/iree/hal/string_util.c,runtime/src/iree/vm/bytecode_module_benchmark.cc
google/iree,runtime/src/iree/vm/stack.c,runtime/src/iree/vm/bytecode_module_benchmark.cc
google/iree,runtime/src/iree/hal/driver.c,runtime/src/iree/vm/bytecode_module_benchmark.cc
google/iree,compiler/src/iree/compiler/ConstEval/Runtime.cpp,runtime/src/iree/vm/bytecode_module_benchmark.cc
google/iree,runtime/src/iree/hal/device.c,runtime/src/iree/vm/bytecode_module_benchmark.cc
google/iree,compiler/src/iree/compiler/Dialect/HAL/Transforms/MaterializeInterfaces.cpp,runtime/src/iree/vm/bytecode_module_benchmark.cc
google/iree,runtime/src/iree/hal/drivers/local_task/task_device.c,runtime/src/iree/hal/drivers/vulkan/debug_reporter.cc
google/iree,runtime/src/iree/tooling/trace_replay.c,runtime/src/iree/hal/drivers/vulkan/debug_reporter.cc
google/iree,runtime/src/iree/hal/drivers/dylib_sync/registration/driver_module.c,runtime/src/iree/hal/drivers/vulkan/debug_reporter.cc
google/iree,compiler/src/iree/compiler/Dialect/HAL/Conversion/StreamToHAL/ConvertStreamToHAL.cpp,runtime/src/iree/hal/drivers/vulkan/debug_reporter.cc
google/iree,runtime/src/iree/hal/drivers/vmvx_sync/registration/driver_module.c,runtime/src/iree/hal/drivers/vulkan/debug_reporter.cc
google/iree,runtime/src/iree/hal/drivers/local_task/task_command_buffer.c,runtime/src/iree/hal/drivers/vulkan/debug_reporter.cc
google/iree,runtime/src/iree/hal/drivers/local_task/task_queue.c,runtime/src/iree/hal/drivers/vulkan/debug_reporter.cc
google/iree,runtime/src/iree/hal/drivers/local_sync/sync_device.c,runtime/src/iree/hal/drivers/vulkan/debug_reporter.cc
google/iree,runtime/src/iree/hal/drivers/cuda/cuda_allocator.c,runtime/src/iree/hal/drivers/vulkan/debug_reporter.cc
google/iree,runtime/src/iree/hal/drivers/vmvx/registration/driver_module.c,runtime/src/iree/hal/drivers/vulkan/debug_reporter.cc
google/iree,runtime/src/iree/hal/drivers/local_task/task_queue.h,runtime/src/iree/hal/drivers/vulkan/debug_reporter.cc
google/iree,runtime/src/iree/hal/drivers/local_sync/registration/driver_module.c,runtime/src/iree/hal/drivers/vulkan/debug_reporter.cc
google/iree,runtime/src/iree/hal/drivers/dylib/registration/driver_module.c,runtime/src/iree/hal/drivers/vulkan/debug_reporter.cc
google/iree,runtime/src/iree/hal/drivers/local_task/registration/driver_module.c,runtime/src/iree/hal/drivers/vulkan/debug_reporter.cc
google/iree,runtime/src/iree/hal/drivers/cuda/registration/driver_module.c,runtime/src/iree/hal/drivers/vulkan/debug_reporter.cc
google/iree,runtime/src/iree/runtime/demo/hello_world_explained.c,compiler/src/iree/compiler/Dialect/Flow/Transforms/ExportBenchmarkFuncs.cpp
google/iree,runtime/src/iree/vm/bytecode_module_impl.h,compiler/src/iree/compiler/Dialect/Flow/Transforms/ExportBenchmarkFuncs.cpp
google/iree,compiler/src/iree/compiler/Dialect/Util/IR/UtilTypes.cpp,compiler/src/iree/compiler/Dialect/Flow/Transforms/ExportBenchmarkFuncs.cpp
google/iree,compiler/src/iree/compiler/Dialect/HAL/Transforms/MaterializeInterfaces.cpp,compiler/src/iree/compiler/Dialect/Flow/Transforms/ExportBenchmarkFuncs.cpp
google/iree,compiler/src/iree/compiler/Dialect/HAL/Conversion/HALToVM/ConvertExecutableOps.cpp,compiler/src/iree/compiler/Dialect/Flow/Transforms/ExportBenchmarkFuncs.cpp
google/iree,compiler/src/iree/compiler/Dialect/Util/IR/UtilOps.cpp,compiler/src/iree/compiler/Dialect/Flow/Transforms/ExportBenchmarkFuncs.cpp
google/iree,compiler/src/iree/compiler/Dialect/Stream/Conversion/FlowToStream/ConvertFlowToStream.cpp,compiler/src/iree/compiler/Dialect/Flow/Transforms/ExportBenchmarkFuncs.cpp
google/iree,compiler/src/iree/compiler/ConstEval/Runtime.cpp,compiler/src/iree/compiler/Dialect/Flow/Transforms/ExportBenchmarkFuncs.cpp
google/iree,compiler/src/iree/compiler/Dialect/Flow/Transforms/DeduplicateExecutables.cpp,compiler/src/iree/compiler/Dialect/Flow/Transforms/ExportBenchmarkFuncs.cpp
google/iree,runtime/src/iree/hal/string_util.c,compiler/src/iree/compiler/Dialect/Flow/Transforms/ExportBenchmarkFuncs.cpp
google/iree,runtime/src/iree/vm/stack.c,compiler/src/iree/compiler/Dialect/Flow/Transforms/ExportBenchmarkFuncs.cpp
google/iree,runtime/src/iree/hal/device.h,compiler/src/iree/compiler/Dialect/Flow/Transforms/ExportBenchmarkFuncs.cpp
google/iree,runtime/src/iree/hal/drivers/init.c,compiler/src/iree/compiler/Dialect/Flow/Transforms/ExportBenchmarkFuncs.cpp
google/iree,compiler/src/iree/compiler/Dialect/HAL/Transforms/MaterializeResourceCaches.cpp,compiler/src/iree/compiler/Dialect/Flow/Transforms/ExportBenchmarkFuncs.cpp
google/iree,compiler/src/iree/compiler/Dialect/HAL/Transforms/Passes.cpp,compiler/src/iree/compiler/Dialect/Flow/Transforms/ExportBenchmarkFuncs.cpp
google/iree,runtime/src/iree/runtime/demo/hello_world_terse.c,compiler/src/iree/compiler/Dialect/Flow/Transforms/ExportBenchmarkFuncs.cpp
google/iree,compiler/src/iree/compiler/Dialect/VM/Target/Bytecode/BytecodeEncoder.h,compiler/src/iree/compiler/Dialect/Flow/Transforms/ExportBenchmarkFuncs.cpp
google/iree,runtime/src/iree/hal/driver_registry.c,compiler/src/iree/compiler/Dialect/Flow/Transforms/ExportBenchmarkFuncs.cpp
google/iree,runtime/src/iree/hal/driver.c,compiler/src/iree/compiler/Dialect/Flow/Transforms/ExportBenchmarkFuncs.cpp
google/iree,runtime/src/iree/vm/invocation.h,compiler/src/iree/compiler/Dialect/Flow/Transforms/ExportBenchmarkFuncs.cpp
google/iree,compiler/src/iree/compiler/Dialect/Stream/Transforms/DumpStatistics.cpp,compiler/src/iree/compiler/Dialect/Flow/Transforms/ExportBenchmarkFuncs.cpp
google/iree,runtime/src/iree/modules/hal/module.h,compiler/src/iree/compiler/Dialect/Flow/Transforms/ExportBenchmarkFuncs.cpp
google/iree,runtime/src/iree/runtime/session.c,compiler/src/iree/compiler/Dialect/Flow/Transforms/ExportBenchmarkFuncs.cpp
google/iree,compiler/src/iree/compiler/Dialect/HAL/Conversion/HALToVM/ConvertAllocatorOps.cpp,compiler/src/iree/compiler/Dialect/Flow/Transforms/ExportBenchmarkFuncs.cpp
google/iree,runtime/src/iree/vm/stack.h,compiler/src/iree/compiler/Dialect/Flow/Transforms/ExportBenchmarkFuncs.cpp
google/iree,compiler/src/iree/compiler/Dialect/HAL/Target/TargetBackend.cpp,compiler/src/iree/compiler/Dialect/Flow/Transforms/ExportBenchmarkFuncs.cpp
google/iree,runtime/src/iree/vm/shims.h,compiler/src/iree/compiler/Dialect/Flow/Transforms/ExportBenchmarkFuncs.cpp
google/iree,runtime/src/iree/hal/driver.h,compiler/src/iree/compiler/Dialect/Flow/Transforms/ExportBenchmarkFuncs.cpp
google/iree,runtime/src/iree/hal/device.c,compiler/src/iree/compiler/Dialect/Flow/Transforms/ExportBenchmarkFuncs.cpp
oracc/oracc,c/otf/cbd/alias.c,c/otf/cbd/sigops.c
oracc/oracc,c/otf/cbd/sense.c,c/otf/cbd/sigops.c
oracc/oracc,c/otf/cbd/sigstats.c,c/otf/cbd/sigops.c
oracc/oracc,c/otf/cbd/gx.c,c/otf/cbd/sigops.c
oracc/oracc,c/otf/cbd/edit.c,c/otf/cbd/sigops.c
oracc/oracc,c/otf/cbd/parts.c,c/otf/cbd/sigops.c
oracc/oracc,c/otf/cbd/entry.c,c/otf/cbd/sigops.c
oracc/oracc,c/otf/cbd/cbd_load.c,c/otf/cbd/sigops.c
oracc/oracc,c/otf/cbd/cbd.c,c/otf/cbd/sigops.c
tstack/lnav,src/bottom_status_source.cc,src/column_namer.cc
tstack/lnav,src/bottom_status_source.cc,src/yajlpp/yajlpp_def.hh
tstack/lnav,src/bottom_status_source.cc,src/yajlpp/yajlpp.hh
tstack/lnav,src/bottom_status_source.cc,src/yajlpp/yajlpp.cc
alefore/edge,src/transformation/expand.cc,src/set_buffer_mode.cc
alefore/edge,src/main.cc,src/editor.cc
alefore/edge,src/line.cc,src/editor.cc
alefore/edge,src/search_handler.cc,src/editor.cc
alefore/edge,src/vm/internal/value.cc,src/editor.cc
alefore/edge,src/run_command_handler.h,src/editor.cc
alefore/edge,src/server.cc,src/editor.cc
alefore/edge,src/run_command_handler.h,src/predictor.cc
alefore/edge,src/line.cc,src/predictor.cc
alefore/edge,src/main.cc,src/predictor.cc
alefore/edge,src/vm/internal/value.cc,src/predictor.cc
alefore/edge,src/server.cc,src/predictor.cc
alefore/edge,src/search_handler.cc,src/predictor.cc
alefore/edge,src/line.cc,src/structure.cc
alefore/edge,src/vm/internal/value.cc,src/structure.cc
alefore/edge,src/server.cc,src/structure.cc
alefore/edge,src/search_handler.cc,src/structure.cc
alefore/edge,src/run_command_handler.h,src/structure.cc
alefore/edge,src/main.cc,src/structure.cc
alefore/edge,src/main.cc,src/insert_mode.cc
alefore/edge,src/server.cc,src/insert_mode.cc
alefore/edge,src/run_command_handler.h,src/insert_mode.cc
alefore/edge,src/vm/internal/value.cc,src/insert_mode.cc
alefore/edge,src/search_handler.cc,src/insert_mode.cc
alefore/edge,src/line.cc,src/insert_mode.cc
alefore/edge,src/shapes.cc,src/buffers_list.cc
alefore/edge,src/transformation/stack.cc,src/buffers_list.cc
alefore/edge,src/line_number_output_producer.cc,src/buffers_list.cc
alefore/edge,src/line.cc,src/file_link_mode.cc
alefore/edge,src/run_command_handler.h,src/file_link_mode.cc
alefore/edge,src/server.cc,src/file_link_mode.cc
alefore/edge,src/main.cc,src/file_link_mode.cc
alefore/edge,src/search_handler.cc,src/file_link_mode.cc
alefore/edge,src/vm/internal/value.cc,src/file_link_mode.cc
Novum/vkQuake,Quake/gl_warp.c,Quake/gl_sky.c
nrz/ylikuutio,code/ylikuutio/data/variant_templates.hpp,code/ylikuutio/data/any_value.cpp
nrz/ylikuutio,code/ylikuutio/data/variant_templates.hpp,code/ylikuutio/ontology/movable_variable_activation.cpp
nrz/ylikuutio,code/ylikuutio/data/variant_templates.hpp,code/ylikuutio/snippets/keyboard_callback_snippets.cpp
peadar/pstack,libpstack/proc.h,libpstack/elf.h
urho3d/Urho3D,Source/Urho3D/Scene/Node.cpp,Source/Urho3D/UI/ListView.cpp
LIJI32/SameBoy,Core/joypad.c,Core/display.c
LIJI32/SameBoy,Core/debugger.c,Core/display.c
MariaDB/server,sql/sql_partition.cc,storage/innobase/include/fil0fil.h
MariaDB/server,storage/perfschema/pfs_digest.cc,storage/innobase/btr/btr0btr.cc
MariaDB/server,storage/perfschema/pfs_events_stages.h,storage/innobase/btr/btr0btr.cc
MariaDB/server,storage/perfschema/pfs_events_statements.h,storage/innobase/btr/btr0btr.cc
MariaDB/server,storage/perfschema/pfs_host.cc,storage/innobase/btr/btr0btr.cc
MariaDB/server,storage/perfschema/pfs_digest.cc,storage/innobase/fsp/fsp0fsp.cc
MariaDB/server,storage/perfschema/pfs_events_stages.h,storage/innobase/fsp/fsp0fsp.cc
MariaDB/server,storage/perfschema/pfs_events_statements.h,storage/innobase/fsp/fsp0fsp.cc
MariaDB/server,storage/perfschema/pfs_host.cc,storage/innobase/fsp/fsp0fsp.cc
MariaDB/server,storage/perfschema/pfs_events_statements.h,storage/innobase/log/log0log.cc
MariaDB/server,storage/perfschema/pfs_events_stages.h,storage/innobase/log/log0log.cc
MariaDB/server,storage/perfschema/pfs_digest.cc,storage/innobase/log/log0log.cc
MariaDB/server,storage/perfschema/pfs_host.cc,storage/innobase/log/log0log.cc
MariaDB/server,storage/perfschema/pfs_events_statements.h,storage/innobase/mtr/mtr0mtr.cc
MariaDB/server,storage/perfschema/pfs_events_stages.h,storage/innobase/mtr/mtr0mtr.cc
MariaDB/server,storage/perfschema/pfs_host.cc,storage/innobase/mtr/mtr0mtr.cc
MariaDB/server,storage/perfschema/pfs_digest.cc,storage/innobase/mtr/mtr0mtr.cc
MariaDB/server,storage/perfschema/pfs_digest.cc,storage/innobase/log/log0recv.cc
MariaDB/server,storage/perfschema/pfs_events_stages.h,storage/innobase/log/log0recv.cc
MariaDB/server,storage/perfschema/pfs_host.cc,storage/innobase/log/log0recv.cc
MariaDB/server,storage/perfschema/pfs_events_statements.h,storage/innobase/log/log0recv.cc
MariaDB/server,storage/perfschema/pfs_host.cc,storage/innobase/page/page0cur.cc
MariaDB/server,storage/perfschema/pfs_events_statements.h,storage/innobase/page/page0cur.cc
MariaDB/server,storage/perfschema/pfs_digest.cc,storage/innobase/page/page0cur.cc
MariaDB/server,storage/perfschema/pfs_events_stages.h,storage/innobase/page/page0cur.cc
MariaDB/server,storage/perfschema/pfs_host.cc,storage/innobase/page/page0zip.cc
MariaDB/server,storage/perfschema/pfs_events_stages.h,storage/innobase/page/page0zip.cc
MariaDB/server,storage/perfschema/pfs_digest.cc,storage/innobase/page/page0zip.cc
MariaDB/server,storage/perfschema/pfs_events_statements.h,storage/innobase/page/page0zip.cc
MariaDB/server,storage/perfschema/pfs_events_stages.h,storage/innobase/srv/srv0start.cc
MariaDB/server,storage/perfschema/pfs_events_statements.h,storage/innobase/srv/srv0start.cc
MariaDB/server,storage/perfschema/pfs_host.cc,storage/innobase/srv/srv0start.cc
MariaDB/server,storage/perfschema/pfs_digest.cc,storage/innobase/srv/srv0start.cc
PurpleI2P/i2pd,libi2pd/TransportSession.h,libi2pd/NetDb.cpp
PurpleI2P/i2pd,libi2pd/RouterInfo.cpp,libi2pd/NetDb.cpp
easymodo/qimgv,qimgv/settings.cpp,qimgv/gui/customwidgets/thumbnailview.cpp
google/riegeli,riegeli/bytes/string_writer.cc,riegeli/bytes/backward_writer.h
google/riegeli,riegeli/bytes/reader.h,riegeli/bytes/backward_writer.h
google/riegeli,riegeli/bytes/string_writer.h,riegeli/bytes/backward_writer.h
imgag/ngs-bits,src/cppREST/EndpointController.cpp,src/cppREST/RequestWorker.cpp
imgag/ngs-bits,src/cppREST/RequestParser.cpp,src/cppREST/RequestWorker.cpp
punesemu/puNES,src/core/mappers/mapper_MMC1.c,src/core/emu.c
punesemu/puNES,src/core/mappers/mapper_MMC1.c,src/core/mappers/mapper_45.c
punesemu/puNES,src/core/mappers/mapper_MMC1.c,src/core/ines.c
punesemu/puNES,src/core/mappers/mapper_MMC1.c,src/core/mappers/mapper_BMCFK23C.c
punesemu/puNES,src/core/mappers/mapper_MMC1.c,src/core/database.h
awsteiner/o2scl,src/base/funct.h,src/other/poly.h
awsteiner/o2scl,src/base/funct.h,src/deriv/deriv_gsl_ts.cpp
awsteiner/o2scl,src/base/funct.h,src/base/string_conv.h
awsteiner/o2scl,src/base/funct.h,src/other/poly_ts.cpp
awsteiner/o2scl,src/base/funct.h,src/base/lib_settings_ts.cpp
awsteiner/o2scl,src/base/funct.h,src/deriv/deriv_gsl.h
awsteiner/o2scl,src/base/funct.h,src/base/constants.h
awsteiner/o2scl,src/base/funct.h,src/base/lib_settings.h
awsteiner/o2scl,src/inte/inte_double_exp_boost.h,src/inte/inte_kronrod_boost.h
awsteiner/o2scl,src/inte/inte_double_exp_boost.h,src/inte/inte_kronrod_boost_ts.cpp
awsteiner/o2scl,src/base/funct.h,src/part/fermion.h
awsteiner/o2scl,src/base/funct.h,src/base/convert_units.h
bluescan/tacent,Modules/Foundation/Src/tStandard.cpp,Modules/System/Src/tFile.cpp
bluescan/tacent,Modules/Foundation/Inc/Foundation/tStandard.h,Modules/System/Src/tFile.cpp
bluescan/tacent,Modules/Foundation/Inc/Foundation/tString.h,Modules/System/Src/tFile.cpp
bstarynk/bismon,cmacros_BM.h,object_BM.c
bstarynk/bismon,misc_BM.cc,object_BM.c
bstarynk/bismon,code_BM.c,object_BM.c
derickr/timelib,timelib.h,interval.c
eranif/codelite,Plugin/clBreakpointsStore.cpp,DebugAdapterClient/BreakpointsHelper.cpp
eranif/codelite,DebugAdapterClient/UI.cpp,DebugAdapterClient/BreakpointsHelper.cpp
eranif/codelite,DebugAdapterClient/DAPTextView.cpp,DebugAdapterClient/BreakpointsHelper.cpp
eranif/codelite,Plugin/clBreakpointsStore.hpp,DebugAdapterClient/BreakpointsHelper.cpp
eranif/codelite,DebugAdapterClient/DAPBreakpointsView.cpp,DebugAdapterClient/BreakpointsHelper.cpp
eranif/codelite,DebugAdapterClient/DebugAdapterClient.hpp,DebugAdapterClient/BreakpointsHelper.cpp
eranif/codelite,CodeLite/UIBreakpoint.hpp,DebugAdapterClient/BreakpointsHelper.cpp
eranif/codelite,DebugAdapterClient/UI.h,DebugAdapterClient/BreakpointsHelper.cpp
eranif/codelite,DebugAdapterClient/DAPTerminalCtrlView.cpp,DebugAdapterClient/BreakpointsHelper.cpp
eranif/codelite,DebugAdapterClient/DapDebuggerSettingsDlg.h,DebugAdapterClient/BreakpointsHelper.cpp
eranif/codelite,DebugAdapterClient/DAPBreakpointsView.h,DebugAdapterClient/BreakpointsHelper.cpp
freeciv/freeciv,ai/default/daidiplomacy.c,client/gui-gtk-3.22/gui_main.c
gfxprim/gfxprim,libs/text/gp_haxor_narrow_15.c,libs/widgets/gp_widget_render.c
gfxprim/gfxprim,libs/text/gp_haxor_narrow_15.c,libs/widgets/gp_widget_tbox.c
libMesh/libmesh,include/base/dof_object.h,src/mesh/mesh_triangle_holes.C
libMesh/libmesh,include/mesh/xdr_io.h,src/mesh/mesh_triangle_holes.C
libMesh/libmesh,include/mesh/xdr_io.h,src/mesh/mesh_triangle_interface.C
libMesh/libmesh,include/base/dof_object.h,src/mesh/mesh_triangle_interface.C
neomutt/neomutt,complete/helpers.c,enter/window.c
neomutt/neomutt,enter/functions.c,enter/window.c
Wargus/stratagus,src/stratagus/stratagus.cpp,src/unit/unit.cpp
Wargus/stratagus,src/video/sdl.cpp,src/unit/unit.cpp
Wargus/stratagus,src/video/sdl.cpp,src/include/video.h
Wargus/stratagus,src/stratagus/stratagus.cpp,src/include/video.h
amzeratul/halley,src/engine/core/include/halley/core/devcon/devcon_server.h,src/engine/utils/include/halley/maths/colour.h
amzeratul/halley,src/engine/ui/src/ui/ui_factory.cpp,src/engine/utils/include/halley/maths/colour.h
amzeratul/halley,src/engine/ui/src/ui/ui_factory.cpp,src/engine/entity/include/halley/entity/entity.h
amzeratul/halley,src/engine/core/include/halley/core/devcon/devcon_server.h,src/engine/entity/include/halley/entity/entity.h
amzeratul/halley,src/engine/entity/src/scripting/nodes/script_variables.h,src/engine/entity/src/scripting/script_graph.cpp
amzeratul/halley,src/engine/entity/src/scripting/nodes/script_variables.cpp,src/engine/entity/src/scripting/script_graph.cpp
amzeratul/halley,src/engine/entity/src/scripting/nodes/script_variables.cpp,src/engine/entity/src/scripting/script_state.cpp
amzeratul/halley,src/engine/entity/src/scripting/nodes/script_variables.h,src/engine/entity/src/scripting/script_state.cpp
amzeratul/halley,src/engine/entity/src/scripting/nodes/script_messaging.h,src/engine/entity/src/scripting/nodes/script_loop.h
amzeratul/halley,src/engine/entity/src/scripting/nodes/script_flow_gate.cpp,src/engine/entity/src/scripting/nodes/script_loop.h
amzeratul/halley,src/engine/entity/src/scripting/nodes/script_flow_gate.h,src/engine/entity/src/scripting/nodes/script_loop.h
amzeratul/halley,src/tools/editor/src/ui/colour_picker.h,src/engine/entity/src/scripting/nodes/script_loop.h
amzeratul/halley,src/engine/utils/include/halley/data_structures/selection_set.h,src/engine/entity/src/scripting/nodes/script_loop.h
amzeratul/halley,src/engine/entity/src/scripting/nodes/script_messaging.h,src/engine/entity/src/scripting/nodes/script_ui.cpp
amzeratul/halley,src/tools/editor/src/ui/colour_picker.h,src/engine/entity/src/scripting/nodes/script_ui.cpp
amzeratul/halley,src/engine/entity/src/scripting/nodes/script_flow_gate.h,src/engine/entity/src/scripting/nodes/script_ui.cpp
amzeratul/halley,src/engine/entity/src/scripting/nodes/script_flow_gate.cpp,src/engine/entity/src/scripting/nodes/script_ui.cpp
amzeratul/halley,src/engine/utils/include/halley/data_structures/selection_set.h,src/engine/entity/src/scripting/nodes/script_ui.cpp
amzeratul/halley,src/engine/entity/src/scripting/nodes/script_messaging.h,src/engine/entity/src/scripting/nodes/script_input.h
amzeratul/halley,src/tools/editor/src/ui/colour_picker.h,src/engine/entity/src/scripting/nodes/script_input.h
amzeratul/halley,src/engine/entity/src/scripting/nodes/script_flow_gate.h,src/engine/entity/src/scripting/nodes/script_input.h
amzeratul/halley,src/engine/entity/src/scripting/nodes/script_flow_gate.cpp,src/engine/entity/src/scripting/nodes/script_input.h
amzeratul/halley,src/engine/utils/include/halley/data_structures/selection_set.h,src/engine/entity/src/scripting/nodes/script_input.h
amzeratul/halley,src/tools/editor/src/ui/colour_picker.h,src/engine/entity/src/scripting/nodes/script_loop.cpp
amzeratul/halley,src/engine/utils/include/halley/data_structures/selection_set.h,src/engine/entity/src/scripting/nodes/script_loop.cpp
amzeratul/halley,src/engine/entity/src/scripting/nodes/script_messaging.h,src/engine/entity/src/scripting/nodes/script_loop.cpp
amzeratul/halley,src/engine/entity/src/scripting/nodes/script_flow_gate.h,src/engine/entity/src/scripting/nodes/script_loop.cpp
amzeratul/halley,src/engine/entity/src/scripting/nodes/script_flow_gate.cpp,src/engine/entity/src/scripting/nodes/script_loop.cpp
amzeratul/halley,src/engine/entity/src/scripting/nodes/script_messaging.h,src/engine/entity/src/scripting/nodes/script_input.cpp
amzeratul/halley,src/engine/entity/src/scripting/nodes/script_flow_gate.cpp,src/engine/entity/src/scripting/nodes/script_input.cpp
amzeratul/halley,src/tools/editor/src/ui/colour_picker.h,src/engine/entity/src/scripting/nodes/script_input.cpp
amzeratul/halley,src/engine/utils/include/halley/data_structures/selection_set.h,src/engine/entity/src/scripting/nodes/script_input.cpp
amzeratul/halley,src/engine/entity/src/scripting/nodes/script_flow_gate.h,src/engine/entity/src/scripting/nodes/script_input.cpp
amzeratul/halley,src/engine/entity/src/scripting/nodes/script_flow_gate.h,src/tools/editor/src/assets/graph/script_graph_editor.h
amzeratul/halley,src/tools/editor/src/ui/colour_picker.h,src/tools/editor/src/assets/graph/script_graph_editor.h
amzeratul/halley,src/engine/entity/src/scripting/nodes/script_messaging.h,src/tools/editor/src/assets/graph/script_graph_editor.h
amzeratul/halley,src/engine/entity/src/scripting/nodes/script_flow_gate.cpp,src/tools/editor/src/assets/graph/script_graph_editor.h
amzeratul/halley,src/engine/utils/include/halley/data_structures/selection_set.h,src/tools/editor/src/assets/graph/script_graph_editor.h
amzeratul/halley,src/tools/editor/src/ui/colour_picker.h,src/engine/entity/src/scripting/nodes/script_network.cpp
amzeratul/halley,src/engine/entity/src/scripting/nodes/script_flow_gate.cpp,src/engine/entity/src/scripting/nodes/script_network.cpp
amzeratul/halley,src/engine/entity/src/scripting/nodes/script_flow_gate.h,src/engine/entity/src/scripting/nodes/script_network.cpp
amzeratul/halley,src/engine/utils/include/halley/data_structures/selection_set.h,src/engine/entity/src/scripting/nodes/script_network.cpp
amzeratul/halley,src/engine/entity/src/scripting/nodes/script_messaging.h,src/engine/entity/src/scripting/nodes/script_network.cpp
amzeratul/halley,src/engine/entity/src/scripting/nodes/script_messaging.h,src/tools/editor/src/assets/graph/script_graph_editor.cpp
amzeratul/halley,src/engine/entity/src/scripting/nodes/script_flow_gate.h,src/tools/editor/src/assets/graph/script_graph_editor.cpp
amzeratul/halley,src/engine/entity/src/scripting/nodes/script_flow_gate.cpp,src/tools/editor/src/assets/graph/script_graph_editor.cpp
amzeratul/halley,src/engine/utils/include/halley/data_structures/selection_set.h,src/tools/editor/src/assets/graph/script_graph_editor.cpp
amzeratul/halley,src/tools/editor/src/ui/colour_picker.h,src/tools/editor/src/assets/graph/script_graph_editor.cpp
amzeratul/halley,src/engine/entity/src/scripting/nodes/script_variables.h,src/engine/editor_extensions/src/component_editor_context.cpp
amzeratul/halley,src/engine/entity/src/scripting/nodes/script_variables.cpp,src/engine/editor_extensions/src/component_editor_context.cpp
amzeratul/halley,src/engine/entity/src/scripting/nodes/script_variables.h,src/engine/entity/include/halley/entity/scripting/script_graph.h
amzeratul/halley,src/engine/entity/src/scripting/nodes/script_variables.cpp,src/engine/entity/include/halley/entity/scripting/script_graph.h
amzeratul/halley,src/engine/entity/src/scripting/nodes/script_variables.h,src/engine/entity/include/halley/entity/scripting/script_state.h
amzeratul/halley,src/engine/entity/src/scripting/nodes/script_variables.cpp,src/engine/entity/include/halley/entity/scripting/script_state.h
amzeratul/halley,src/engine/entity/src/scripting/nodes/script_messaging.h,src/tools/editor/src/scene/gizmos/scripting/scripting_base_gizmo.h
amzeratul/halley,src/tools/editor/src/ui/colour_picker.h,src/tools/editor/src/scene/gizmos/scripting/scripting_base_gizmo.h
amzeratul/halley,src/engine/entity/src/scripting/nodes/script_flow_gate.cpp,src/tools/editor/src/scene/gizmos/scripting/scripting_base_gizmo.h
amzeratul/halley,src/engine/entity/src/scripting/nodes/script_flow_gate.h,src/tools/editor/src/scene/gizmos/scripting/scripting_base_gizmo.h
amzeratul/halley,src/engine/utils/include/halley/data_structures/selection_set.h,src/tools/editor/src/scene/gizmos/scripting/scripting_base_gizmo.h
amzeratul/halley,src/engine/utils/include/halley/data_structures/selection_set.h,src/tools/editor/src/scene/gizmos/scripting/scripting_base_gizmo.cpp
amzeratul/halley,src/tools/editor/src/ui/colour_picker.h,src/tools/editor/src/scene/gizmos/scripting/scripting_base_gizmo.cpp
amzeratul/halley,src/engine/entity/src/scripting/nodes/script_flow_gate.h,src/tools/editor/src/scene/gizmos/scripting/scripting_base_gizmo.cpp
amzeratul/halley,src/engine/entity/src/scripting/nodes/script_messaging.h,src/tools/editor/src/scene/gizmos/scripting/scripting_base_gizmo.cpp
amzeratul/halley,src/engine/entity/src/scripting/nodes/script_flow_gate.cpp,src/tools/editor/src/scene/gizmos/scripting/scripting_base_gizmo.cpp
amzeratul/halley,src/engine/entity/src/scripting/nodes/script_variables.cpp,src/tools/editor/src/scene/gizmos/scripting/scripting_node_editor.cpp
amzeratul/halley,src/engine/entity/src/scripting/nodes/script_variables.h,src/tools/editor/src/scene/gizmos/scripting/scripting_node_editor.cpp
amzeratul/halley,src/engine/entity/src/scripting/nodes/script_variables.cpp,src/engine/editor_extensions/include/halley/editor_extensions/component_editor_context.h
amzeratul/halley,src/engine/entity/src/scripting/nodes/script_variables.h,src/engine/editor_extensions/include/halley/editor_extensions/component_editor_context.h
shonumi/gbe-plus,src/gba/apu_data.h,src/gba/mmu.h
shonumi/gbe-plus,src/gba/apu_data.h,src/gba/apu.cpp
Illation/ETEngine,Engine/source/EtRuntime/Debug/DebugConsole.h,Engine/source/EtGUI/ImGui/ImguiPlatformBackend.h
Illation/ETEngine,Engine/source/EtRuntime/Debug/DebugConsole.h,Engine/source/EtFramework/Components/GuiCanvasComponent.h
Illation/ETEngine,Engine/source/EtRuntime/Debug/DebugConsole.h,Engine/source/EtCore/Util/Assert.h
Illation/ETEngine,Engine/source/EtRuntime/Debug/DebugConsole.h,Engine/source/EtGUI/ImGui/ImGuiBackend.cpp
Illation/ETEngine,Engine/source/EtRuntime/Debug/DebugConsole.h,Engine/source/EtGUI/ImGui/ImGuiBackend.h
Illation/ETEngine,Engine/source/EtRuntime/Debug/DebugConsole.h,Projects/Demo/source/Common/DemoUI.cpp
TileDB-Inc/TileDB,tiledb/sm/query/readers/reader_base.cc,tiledb/sm/query/readers/sparse_index_reader_base.cc
TileDB-Inc/TileDB,tiledb/sm/query/legacy/reader.cc,tiledb/sm/query/readers/sparse_index_reader_base.cc
baldurk/renderdoc,renderdoc/driver/metal/metal_stringise.cpp,renderdoc/driver/metal/metal_common.cpp
baldurk/renderdoc,renderdoc/driver/metal/metal_resources.h,renderdoc/driver/metal/metal_common.cpp
Bill-Gray/find_orb,mpc_obs.cpp,miscell.cpp
Bill-Gray/find_orb,mpc_obs.cpp,elem_out.cpp
libretro/RetroArch,intl/msg_hash_ar.h,gfx/common/d3d12_common.c
libretro/RetroArch,gfx/drivers/d3d10.c,gfx/common/d3d12_common.c
paul-j-lucas/cdecl,src/red_black.h,src/util.h
paul-j-lucas/cdecl,src/help.c,src/util.h
GNOME/gnome-builder,src/plugins/symbol-tree/gbp-symbol-workspace-addin.c,src/plugins/sysprof/gbp-sysprof-tool.c
GNOME/gnome-builder,src/plugins/symbol-tree/gbp-symbol-workspace-addin.c,src/libide/tweaks/ide-tweaks-item.c
GNOME/gnome-builder,src/libide/debugger/ide-debug-manager.c,src/libide/search/ide-search-engine.c
GNOME/gnome-builder,src/libide/gui/ide-workspace.c,src/plugins/terminal/gbp-terminal-workspace-addin.c
GNOME/gnome-builder,src/libide/foundry/ide-pipeline.c,src/plugins/terminal/gbp-terminal-workspace-addin.c
GNOME/gnome-builder,src/libide/core/ide-settings.c,src/plugins/terminal/gbp-terminal-workspace-addin.c
GNOME/gnome-builder,src/libide/core/libide-core.h,src/plugins/terminal/gbp-terminal-workspace-addin.c
GNOME/gnome-builder,src/libide/io/libide-io.h,src/plugins/terminal/gbp-terminal-workspace-addin.c
GNOME/gnome-builder,src/libide/editor/ide-editor-page.c,src/plugins/terminal/gbp-terminal-workspace-addin.c
GNOME/gnome-builder,src/libide/core/ide-context.c,src/plugins/terminal/gbp-terminal-workspace-addin.c
GNOME/gnome-builder,src/libide/foundry/libide-foundry.h,src/plugins/terminal/gbp-terminal-workspace-addin.c
GNOME/gnome-builder,src/libide/core/ide-context.h,src/plugins/terminal/gbp-terminal-workspace-addin.c
JordiSubirana/ATEMA,src/Atema/Shader/Atsl/AtslUtils.cpp,src/Atema/Shader/Atsl/AtslToAstConverter.cpp
project64/project64,Source/Project64-core/N64System/Interpreter/InterpreterOps.cpp,Source/Project64-core/N64System/Mips/MemoryVirtualMem.cpp
oneeyeman1/dbhandler,libdbwindow/databaseview.h,libdialogs/dialogs.cpp
oneeyeman1/dbhandler,libdbwindow/databaseview.h,libodbc/database_odbc.cpp
oneeyeman1/dbhandler,libdbwindow/databaseview.h,libdialogs/databasetype.h
oneeyeman1/dbhandler,libdbwindow/databaseview.h,libdialogs/databasetype.cpp
oneeyeman1/dbhandler,libdbwindow/databaseview.h,dbhandler/mainframe.cpp
zenorogue/hyperrogue,rogueviz/rogueviz.h,arbitrile.cpp
MusicPlayerDaemon/MPD,src/encoder/plugins/TwolameEncoderPlugin.cxx,src/mixer/Volume.cxx
MusicPlayerDaemon/MPD,src/encoder/plugins/FlacEncoderPlugin.cxx,src/mixer/Volume.cxx
MusicPlayerDaemon/MPD,src/output/plugins/AlsaOutputPlugin.cxx,src/mixer/Volume.cxx
MusicPlayerDaemon/MPD,src/decoder/plugins/FfmpegDecoderPlugin.cxx,src/mixer/Volume.cxx
MusicPlayerDaemon/MPD,src/encoder/plugins/LameEncoderPlugin.cxx,src/mixer/Volume.cxx
MusicPlayerDaemon/MPD,src/output/plugins/httpd/HttpdOutputPlugin.cxx,src/mixer/Volume.cxx
MusicPlayerDaemon/MPD,src/output/plugins/httpd/HttpdInternal.hxx,src/mixer/Volume.cxx
MusicPlayerDaemon/MPD,src/decoder/plugins/WavpackDecoderPlugin.cxx,src/mixer/Volume.cxx
MusicPlayerDaemon/MPD,src/encoder/plugins/NullEncoderPlugin.cxx,src/mixer/Volume.cxx
bradharding/doomretro,src/r_draw.c,src/d_deh.h
bradharding/doomretro,src/p_spec.c,src/d_deh.h
bradharding/doomretro,src/info.c,src/d_deh.h
bradharding/doomretro,src/r_data.c,src/d_deh.h
bradharding/doomretro,src/info.c,src/am_map.c
bradharding/doomretro,src/r_draw.c,src/am_map.c
bradharding/doomretro,src/r_data.c,src/am_map.c
bradharding/doomretro,src/p_spec.c,src/am_map.c
bradharding/doomretro,src/r_data.c,src/d_main.c
bradharding/doomretro,src/info.c,src/d_main.c
bradharding/doomretro,src/r_draw.c,src/d_main.c
bradharding/doomretro,src/p_spec.c,src/d_main.c
bradharding/doomretro,src/p_spec.c,src/g_game.c
bradharding/doomretro,src/info.c,src/g_game.c
bradharding/doomretro,src/r_draw.c,src/g_game.c
bradharding/doomretro,src/r_data.c,src/g_game.c
bradharding/doomretro,src/r_draw.c,src/r_segs.c
bradharding/doomretro,src/p_spec.c,src/r_segs.c
bradharding/doomretro,src/info.c,src/r_segs.c
bradharding/doomretro,src/r_data.c,src/r_segs.c
bradharding/doomretro,src/r_data.c,src/v_data.c
bradharding/doomretro,src/r_draw.c,src/v_data.c
bradharding/doomretro,src/info.c,src/v_data.c
bradharding/doomretro,src/p_spec.c,src/v_data.c
bradharding/doomretro,src/r_data.c,src/i_video.c
bradharding/doomretro,src/p_spec.c,src/i_video.c
bradharding/doomretro,src/info.c,src/i_video.c
bradharding/doomretro,src/r_draw.c,src/i_video.c
bradharding/doomretro,src/info.c,src/p_setup.c
bradharding/doomretro,src/r_data.c,src/p_setup.c
bradharding/doomretro,src/p_spec.c,src/p_setup.c
bradharding/doomretro,src/r_draw.c,src/p_setup.c
bradharding/doomretro,src/r_draw.c,src/hu_stuff.c
bradharding/doomretro,src/r_data.c,src/hu_stuff.c
bradharding/doomretro,src/p_spec.c,src/hu_stuff.c
bradharding/doomretro,src/info.c,src/hu_stuff.c
bradharding/doomretro,src/info.c,src/i_system.c
bradharding/doomretro,src/r_draw.c,src/i_system.c
bradharding/doomretro,src/r_data.c,src/i_system.c
bradharding/doomretro,src/p_spec.c,src/i_system.c
bradharding/doomretro,src/p_spec.c,src/m_config.h
bradharding/doomretro,src/r_data.c,src/m_config.h
bradharding/doomretro,src/r_draw.c,src/m_config.h
bradharding/doomretro,src/info.c,src/m_config.h
bradharding/doomretro,src/info.c,src/st_stuff.c
bradharding/doomretro,src/r_data.c,src/st_stuff.c
bradharding/doomretro,src/p_spec.c,src/st_stuff.c
bradharding/doomretro,src/r_draw.c,src/st_stuff.c
unrealircd/unrealircd,src/modules/rpc/user.c,src/modules/webserver.c
unrealircd/unrealircd,src/modules/rpc/user.c,src/modules/rpc/rpc.c
wolfetplayer/RealRTCW,code/cgame/cg_main.c,code/game/ai_cast_script_actions.c
wolfetplayer/RealRTCW,code/cgame/cg_local.h,code/game/ai_cast_script_actions.c
ColinIanKing/stress-ng,stress-rtc.c,stress-fiemap.c
ColinIanKing/stress-ng,stress-rtc.c,stress-dccp.c
ColinIanKing/stress-ng,stress-memfd.c,stress-udp.c
ColinIanKing/stress-ng,stress-rtc.c,stress-copy-file.c
ColinIanKing/stress-ng,stress-memfd.c,stress-epoll.c
ColinIanKing/stress-ng,stress-rtc.c,stress-sctp.c
ColinIanKing/stress-ng,stress-affinity.c,stress-vm.c
ColinIanKing/stress-ng,stress-mmap.c,stress-vm.c
ColinIanKing/stress-ng,stress-affinity.c,stress-memcpy.c
ColinIanKing/stress-ng,stress-mmap.c,stress-memcpy.c
zwiebert/tronferno-mcu,comp/app/app_cli/parm_kvs.cc,comp/library/fernotron_app/sep/auth_button.cc
zwiebert/tronferno-mcu,comp/app/app_cli/parm_kvs.cc,comp/library/fernotron_app/sep/sep_auth.hh
zwiebert/tronferno-mcu,comp/app/app_cli/parm_kvs.cc,comp/app/app_cli/parm_sep.cc
SAOImageDS9/SAOImageDS9,tksao/frame/base.h,tksao/frame/parser.C
SAOImageDS9/SAOImageDS9,tksao/frame/frame.C,tksao/frame/parser.C
SAOImageDS9/SAOImageDS9,tksao/widget/widget.h,tksao/frame/parser.C
TrinityCore/TrinityCore,src/server/game/OutdoorPvP/OutdoorPvP.cpp,src/server/game/Entities/Player/Player.h
TrinityCore/TrinityCore,src/server/game/Maps/Map.cpp,src/server/game/Entities/Player/Player.h
TrinityCore/TrinityCore,src/server/game/Maps/Map.h,src/server/game/Entities/Player/Player.h
TrinityCore/TrinityCore,src/server/game/World/World.cpp,src/server/game/Entities/Player/Player.h
turanszkij/WickedEngine,WickedEngine/wiScene_BindLua.cpp,WickedEngine/wiScene.h
turanszkij/WickedEngine,WickedEngine/wiScene_BindLua.cpp,WickedEngine/wiScene.cpp
GIBIS-UNIFESP/wiRedPanda,app/element/srflipflop.cpp,app/mainwindow.h
GIBIS-UNIFESP/wiRedPanda,app/element/not.cpp,app/mainwindow.h
GIBIS-UNIFESP/wiRedPanda,app/element/inputswitch.h,app/mainwindow.h
GIBIS-UNIFESP/wiRedPanda,app/element/dflipflop.cpp,app/mainwindow.h
GIBIS-UNIFESP/wiRedPanda,app/element/inputgnd.cpp,app/mainwindow.h
GIBIS-UNIFESP/wiRedPanda,app/element/inputvcc.cpp,app/mainwindow.h
GIBIS-UNIFESP/wiRedPanda,app/element/tflipflop.cpp,app/mainwindow.h
GIBIS-UNIFESP/wiRedPanda,app/element/tflipflop.h,app/mainwindow.h
GIBIS-UNIFESP/wiRedPanda,app/element/jkflipflop.h,app/mainwindow.h
GIBIS-UNIFESP/wiRedPanda,app/main.cpp,app/mainwindow.h
GIBIS-UNIFESP/wiRedPanda,app/elementfactory.cpp,app/mainwindow.h
GIBIS-UNIFESP/wiRedPanda,app/elementfactory.h,app/mainwindow.h
GIBIS-UNIFESP/wiRedPanda,app/element/display.cpp,app/mainwindow.h
GIBIS-UNIFESP/wiRedPanda,app/element/jkflipflop.cpp,app/mainwindow.h
GIBIS-UNIFESP/wiRedPanda,app/element/led.h,app/mainwindow.h
GIBIS-UNIFESP/wiRedPanda,app/element/and.cpp,app/mainwindow.h
GIBIS-UNIFESP/wiRedPanda,app/element/xnor.cpp,app/mainwindow.h
GIBIS-UNIFESP/wiRedPanda,app/element/nor.cpp,app/mainwindow.h
GIBIS-UNIFESP/wiRedPanda,app/element/dlatch.cpp,app/mainwindow.h
GIBIS-UNIFESP/wiRedPanda,app/nodes/qneport.h,app/mainwindow.h
GIBIS-UNIFESP/wiRedPanda,app/element/xor.cpp,app/mainwindow.h
GIBIS-UNIFESP/wiRedPanda,app/element/inputbutton.h,app/mainwindow.h
GIBIS-UNIFESP/wiRedPanda,app/element/nand.cpp,app/mainwindow.h
GIBIS-UNIFESP/wiRedPanda,app/element/dlatch.h,app/mainwindow.h
GIBIS-UNIFESP/wiRedPanda,app/simulationcontroller.h,app/mainwindow.h
GIBIS-UNIFESP/wiRedPanda,app/element/dflipflop.h,app/mainwindow.h
GIBIS-UNIFESP/wiRedPanda,app/element/or.cpp,app/mainwindow.h
GIBIS-UNIFESP/wiRedPanda,app/simulationblocker.cpp,app/elementlabel.cpp
GIBIS-UNIFESP/wiRedPanda,app/element/graphicelementinput.h,app/elementlabel.cpp
falltergeist/falltergeist,src/State/CritterDialog.cpp,src/ResourceManager.h
falltergeist/falltergeist,src/State/CritterDialog.cpp,src/ResourceManager.cpp
mockingbirdnest/Principia,journal/player.cpp,base/push_deserializer_body.hpp
mpromonet/webrtc-streamer,src/HttpServerRequestHandler.cpp,inc/PeerConnectionManager.h
dorkster/flare-engine-next,src/ItemManager.cpp,src/MenuPowers.cpp
googleapis/google-cloud-cpp,google/cloud/storage/benchmarks/throughput_options.h,google/cloud/pubsub/internal/streaming_subscription_batch_source.cc
googleapis/google-cloud-cpp,google/cloud/storage/benchmarks/throughput_options.h,google/cloud/internal/log_wrapper.cc
googleapis/google-cloud-cpp,google/cloud/bigtable/internal/async_bulk_apply.cc,google/cloud/storage/benchmarks/storage_throughput_vs_cpu_benchmark.cc
